t,kappa,lambda_min,lambda_max
2015-12-31,544.3223229397644,0.00017673408631962105,0.09620030840813296
2016-01-29,529.2614189992203,0.00019590553910922768,0.10368524361875708
2016-02-29,547.4652548656412,0.00020017401868016246,0.10958832015421477
2016-03-31,587.3105170666922,0.00018432596933479098,0.10825658035883534
2016-04-29,559.2368005726637,0.00019544448973842356,0.10929975113087279
2016-05-31,569.31879792431,0.00019364011056990482,0.11024295497958869
2016-06-30,544.6163111671564,0.0002131205821886563,0.11606894530538275
2016-07-29,545.5130866292426,0.00020966993334140544,0.11437769251041763
2016-08-31,454.1360679793133,0.0001967777200427845,0.08936386004616426
2016-09-30,415.6817237686714,0.00020255156894652488,0.08419698533174036
2016-10-31,383.04993909306273,0.00020733191683144477,0.07941847811433286
2016-11-30,387.33575724761965,0.0002019574093454637,0.07822532608059268
2016-12-30,330.54868677920126,0.00021087081510022147,0.06970307101143797
2017-01-31,252.55230905583159,0.0002141114031583733,0.05407432926283125
2017-02-28,240.56278126580597,0.00018023014409234784,0.043356664730792166
2017-03-31,252.68019582996328,0.00016181456295062693,0.040887335454504334
2017-04-28,221.8489159969233,0.00017718106052934366,0.03930742621362014
2017-05-31,226.03144063086935,0.00016979866386041535,0.03837983660956641
2017-06-30,182.2825570415842,0.0001626561364774487,0.029649376475614247
2017-07-31,199.83912513094,0.00014274346456375387,0.02852572907657991
2017-08-31,210.9462968974082,0.00014526407690864065,0.030642919096098047
2017-09-29,179.92899126233152,0.00015477362256988904,0.027848261783016963
2017-10-31,183.39584093562178,0.0001491674972779819,0.027356698603557564
2017-11-30,182.6755808524356,0.00012356106341947852,0.02257158903089787
2017-12-29,165.76818108769308,0.00012874782331725337,0.02134229249030077
2018-01-31,149.28885380279533,0.00014680546140094676,0.021916419064537854
2018-02-28,287.2541530528806,0.00014617831842991065,0.041990329055278275
2018-03-29,343.3632755777506,0.0001514602114815805,0.05200587433401431
2018-04-30,368.76014130782016,0.00015836129477384128,0.05839733343849107
2018-05-31,355.08608188047396,0.00016889384332201854,0.05997185307895021
2018-06-29,334.43034902450285,0.00018179496115181416,0.06079775230889714
2018-07-31,357.15318855595655,0.00017348166166402654,0.06195952861929273
2018-08-31,367.4148357004383,0.00016502016619929807,0.060630857251374126
2018-09-28,342.93879817920725,0.00017693594242308594,0.060678199449278505
2018-10-31,398.9837293898363,0.000195581307266423,0.07803375937209694
2018-11-30,387.3183754393871,0.00022843569294747116,0.0884773414847852
2018-12-31,475.1498922452292,0.00023981258372072556,0.11394692331395276
2019-01-31,405.2076691781011,0.0003021047294740187,0.12241515327784791
2019-02-28,345.3822581978884,0.0003029034015090579,0.1046174608290201
2019-03-29,355.49958782068927,0.0002727681878288599,0.09696897834375603
2019-04-30,316.7179470621516,0.0002810812891442527,0.08902348885535075
2019-05-31,347.4039771729274,0.000266788714047263,0.09268346032487002
2019-06-28,372.4071564553683,0.00025397760444159504,0.09458307747344072
2019-07-31,402.8135183664498,0.00023398600041636027,0.09425272407620766
2019-08-30,428.9162591020134,0.00025525903788012913,0.10948475162952412
2019-09-30,479.7223502897347,0.00023200554432147594,0.11129824500214766
2019-10-31,422.6986157481743,0.0002332459997674083,0.09859276123048247
2019-11-29,370.32622232367305,0.00023745235248893838,0.08793483267909777
2019-12-31,262.4811779749818,0.00024262156156795408,0.06368359328248616
2020-01-31,271.12847617245995,0.00021188806527868816,0.05744888825814144
2020-02-28,318.8171462920265,0.00023138030058802777,0.07376800714166631
2020-03-31,1396.5375236548277,0.000295395870013246,0.412531416806162
2020-04-30,1539.939536236281,0.00031170079233510425,0.48000037359300174
2020-05-29,1372.4620416181501,0.00036405691193230704,0.4996542926158132
2020-06-30,1487.7756767578044,0.0003597913758942807,0.535288857762735
2020-07-31,1286.0096634787153,0.00041956293513166774,0.5395619890168181
2020-08-31,1127.2471735361444,0.0004683543209234762,0.5279510844744288
2020-09-30,1015.1275154753603,0.0005319923268532579,0.5400400490105035
2020-10-30,975.1532094768364,0.0005623499710176591,0.5483773790870763
2020-11-30,977.100081011447,0.000580730113372331,0.5674314408218913
2020-12-31,927.6641306127233,0.0006131920529411747,0.5688362726903058
2021-01-29,924.1172186755031,0.0006218138850421204,0.5746289179789332
2021-02-26,819.3979527093546,0.00068234852347991,0.5591149831736892
2021-03-31,419.1631321366726,0.0005438612110431428,0.22796656866848763
2021-04-30,365.7562550361619,0.00046133834287255033,0.16873738459365284
2021-05-28,340.20876246050506,0.00042207289081803274,0.1435928958533308
2021-06-30,281.9017275306534,0.0003810644554399737,0.10742272828905627
2021-07-30,313.10746820768867,0.0003350850940117873,0.10491764542016606
2021-08-31,303.6034029110059,0.00034275387232143937,0.10406124199771344
2021-09-30,324.76555137500634,0.00030701297546430114,0.09970723825594505
2021-10-29,319.22915573853976,0.0002897982721303829,0.09251205774666973
2021-11-30,229.39995130609253,0.0002820511268396221,0.06470251476283784
2021-12-31,268.4758541080667,0.00025221268475729045,0.06771301595710214
2022-01-31,297.72342074599413,0.0002143636764269191,0.06382108702950978
2022-02-28,271.1345373369449,0.0002452750410954635,0.06650253478771864
2022-03-31,304.1973378883452,0.0002453947921828331,0.07464844251368152
2022-04-29,384.594767958758,0.00022822266239439076,0.08777324188650068
2022-05-31,374.9041074098811,0.0002933726929966783,0.10998662760635275
2022-06-30,438.6380140694565,0.0002977916100874748,0.13062272045531587
2022-07-29,485.77712853797163,0.0002849249875048124,0.1384100422788052
2022-08-31,520.2588105693932,0.00028418125687954763,0.14784780269026865
2022-09-30,563.4236536157739,0.0002889437962467315,0.1627977693709452
2022-10-31,591.8060825789764,0.0003090186554901737,0.182879119949462
2022-11-30,635.4191252711144,0.0003198870488275134,0.20326234875153681
2022-12-30,645.6388675311601,0.0003182970902034389,0.20550497285741182
2023-01-31,623.1045640870796,0.00033583744222826206,0.209261843043761
2023-02-28,683.0079004828426,0.0002987676099514562,0.20406063800522095
2023-03-31,699.1413328870648,0.00028946989612267334,0.20238036900588602
2023-04-28,704.1803859153495,0.0002787915088599699,0.19631951229893618
2023-05-31,570.8327105707683,0.0002949148531157999,0.16834704499167208
2023-06-30,541.9572483459976,0.0002735530513866487,0.1482540590061594
2023-07-31,492.0735006173659,0.00028528320283226314,0.14038030428500575
2023-08-31,445.0387382095828,0.0002955196211889716,0.13151767933011382
2023-09-29,400.14608246792136,0.0002910504400650606,0.11646269339259854
2023-10-31,325.4392641753177,0.00029434752681577924,0.09579224253875179
2023-11-30,282.58969323584955,0.00027879319089492937,0.07878408229124173
2023-12-29,275.7109621603546,0.0002532230944648434,0.06981638301612433
2024-01-31,246.46232120225898,0.00026108689918551386,0.06434808320876192
2024-02-29,215.9680924205476,0.0002845377014123134,0.061451064595744676
2024-03-28,177.4014227382682,0.0003053012357015642,0.05416087357720885
2024-04-30,170.48121831455032,0.0003121450479207506,0.05321486806038325
2024-05-31,164.16179973685834,0.0003123868344463434,0.051281984956811744
2024-06-28,151.0838111556985,0.0003215547705439532,0.048581720229076586
2024-07-31,148.06501190187765,0.00033273538044423066,0.0492664680656508
2024-08-30,157.63041720416763,0.00033380833147706146,0.05261834655695628
2024-09-30,162.34821094839748,0.0003127761047546004,0.05077864103431794
2024-10-31,142.9610515817711,0.0003322894650979589,0.04750445135994843
2024-11-29,128.88057558724284,0.00034604260873825714,0.04459817059189765
2024-12-31,139.8073466563558,0.00033348516565361714,0.046623676159287496
2025-01-31,157.85812598998038,0.0003077044311733824,0.04857364486384304
2025-02-28,176.37474105053974,0.00027724752592492036,0.04889946059191063
2025-03-31,205.99202929620125,0.0002753424059362164,0.05671834095009963
2025-04-30,422.8567150718143,0.0002702378840322529,0.11427190392983635
2025-05-30,427.3948705607798,0.00028057281441226715,0.1199153816986046
2025-06-30,448.92175936927066,0.0002698137611729054,0.1211252683677809
2025-07-31,433.9324560130778,0.00027887274453861457,0.12101193495274865
2025-08-29,379.18726748805074,0.000304664389240223,0.11552485725691605
2025-09-30,378.6685723372322,0.0002992835368495821,0.11332926962286868
2025-10-31,410.7174498592354,0.0002789909830850045,0.11458646510639414
2025-11-28,421.0235173905803,0.00026983941167062463,0.11360873823217119
2025-12-31,425.0379589177427,0.0002608125626348992,0.11085523928244348
2026-01-30,465.20839772942634,0.0002395420075843361,0.1114369535371991
2026-02-27,474.98057354268167,0.0002386055984668072,0.11333302401025888
2026-03-31,498.30381390432615,0.00021998631481195987,0.10962001967755736
2026-04-30,242.24809095190807,0.0002176526092534436,0.05272592908234831
2026-05-29,219.37348466000682,0.00022249004776445154,0.0488084170802591
2026-06-30,226.37534453421233,0.00022821254381549417,0.05166169323326152
2026-07-31,229.98093230182144,0.0002396522122990145,0.05511543921272139
