s,S1 Equal weight,S2 SPY buy-and-hold,S3 Minimum variance,S4 Markowitz γ=10 (low),S4 Markowitz γ=5 (medium),S4 Markowitz γ=2 (high)
2016-01-29,-0.03428518735596631,-0.050736837678721614,0.005685735898171451,-0.04216414292479853,-0.04282542140340451,-0.04391179318164995
2016-02-29,0.0013406396801005638,-0.0008257275576737388,0.009192382259052723,0.003190152737539975,0.0005992469072915174,0.0006561742815107685
2016-03-31,0.07580962200064567,0.06726588887017226,0.05921224003109815,0.06356819734118124,0.06781877844830775,0.0710525101281334
2016-04-29,0.015509237764227857,0.003941008712027072,0.004693212186523743,-0.016600310975726673,-0.014911291394955617,-0.009356030225987189
2016-05-31,0.01589032537139068,0.01701174424423546,0.009049799622954602,0.019362707091502118,0.023614503193114977,0.020704426753517913
2016-06-30,0.020905517564609788,0.003476038022047545,0.044927276486007584,0.03090068560159942,0.0193417889787324,0.007003899079636389
2016-07-29,0.03532616160845081,0.03647098186673681,0.012029102058582541,0.022671778287964184,0.027553751802599002,0.04457599874213991
2016-08-31,-0.004841319871666583,0.0011975442691893878,-0.027021521859523445,-0.036741070827976396,-0.029821430791990955,-0.018862241077199138
2016-09-30,6.122825446652769e-05,5.7909691447033396e-05,-0.007327179722667387,0.006593357549382395,0.018942971218546933,0.013779541925908356
2016-10-31,-0.017818250342999664,-0.01733679416634537,-0.009579163945838798,-0.029712279622625237,-0.028800287530894697,-0.03861396305579701
2016-11-30,0.03858702814157855,0.03683829722237464,0.017885632189286405,0.052294635758407315,0.0653865264499216,0.06794725976008786
2016-12-30,0.026990891642642012,0.02027175867239661,0.022855686880327575,0.025052133664699605,0.02738937417040277,0.02398048041858214
2017-01-31,0.016050858106051447,0.017894589371589165,0.00549684518821314,0.04890110771801548,0.0510808400040037,0.05240936127065021
2017-02-28,0.03810351327383432,0.03929175982469646,0.03898969745268355,0.03751106243270419,0.02746411882818478,0.02557264696956807
2017-03-31,0.0019112543393964287,0.0012497908001334324,0.009336448492965,0.014680942595645341,0.0208280967945913,0.02212045899812054
2017-04-28,0.015169416271608283,0.009926127965335763,0.020013913697526364,0.03321802716864575,0.03172438776671416,0.03173238380099952
2017-05-31,0.01845983878773727,0.014112985598860872,0.02369502626946729,0.04256633393005416,0.0529816981331972,0.0488485903546787
2017-06-30,0.006269808452435521,0.006374950490995346,-0.011277135983592035,-0.010491765691495347,-0.006902748862774755,-0.00586838280011448
2017-07-31,0.02049690381407121,0.020554227382223234,0.019837614663696934,0.026737416411593884,0.030395312053552503,0.0285592081450321
2017-08-31,0.009345684980347269,0.0029175582775258224,0.0026432165644691974,0.017280907803890466,0.018401220164036003,0.02301712048394644
2017-09-29,0.021197679210140485,0.020149584571847345,0.0043688549410363375,0.0007808100337445278,0.0020544303201976977,0.005824348300444093
2017-10-31,0.031560502256377854,0.023564018088535255,0.02983402397899959,0.05204566210685324,0.061970973597042844,0.0697829878220213
2017-11-30,0.0376074615614066,0.03056605315580674,0.034590248976718696,0.04670090047196451,0.04055918756842236,0.04464594005472522
2017-12-29,0.016291506100582165,0.012127695246231918,0.005332656545506298,0.004579729068349803,0.002111420868311731,0.006316058054614215
2018-01-31,0.04845461373059856,0.056359160112554596,0.03142388012566233,0.08757040187779341,0.10058288719557185,0.10341121430327638
2018-02-28,-0.04916923071403534,-0.03636022785198034,-0.057140095732181595,-0.03341316173135589,-0.030885274063547463,-0.03257919454851543
2018-03-29,-0.011960176627461405,-0.02741056308315215,-0.0024237752118280165,-0.024009582469644908,-0.02435750392989422,-0.03028902815917156
2018-04-30,0.01176876909452651,0.005168387923822015,0.0025156689866452364,0.0060605499327770485,0.00429985689072665,0.0011148349676366465
2018-05-31,0.01819355498223163,0.024308875937562924,-0.0027708978399137996,0.03566315192958669,0.04803737727949864,0.056922207869349206
2018-06-29,0.012524681110577918,0.005751019327101536,0.026759683549771207,0.019351014725406346,0.009313822842611064,0.008216268817110128
2018-07-31,0.046017910822646835,0.037046708020736396,0.04234879362644639,0.03758242600604644,0.03819214167245821,0.0314124125950106
2018-08-31,0.02552513150705793,0.03191955046519479,-0.021778969583831742,0.06025946631959589,0.06824574129743843,0.07140113855697838
2018-09-28,0.011159528775067873,0.0059455122463720755,0.0007884469500598623,0.005399783464178576,0.011537227709503828,0.015356514269006416
2018-10-31,-0.04145301094677567,-0.06910415480744847,-0.004984518414686945,-0.09460172357064156,-0.10747413680024476,-0.12752138294694138
2018-11-30,0.027522625177309523,0.01854937313025351,0.04158274056178568,0.023816862122045146,0.001554317168512398,2.3949960112679136e-05
2018-12-31,-0.08060834492608038,-0.08804855916869592,-0.05881890019915048,-0.07488840293679788,-0.08956195195487349,-0.10155384799892009
2019-01-31,0.06740711069382965,0.08006547976944423,0.04941689755396661,0.05789800310350279,0.07374980625878247,0.08457560052645618
2019-02-28,0.0347618275693411,0.032415678314135166,0.021946322625834513,0.010639191148133609,0.01431244859774039,0.020071856706733726
2019-03-29,0.027422748277375675,0.018100659176920608,0.01663184234597659,0.03510820242037327,0.04261409609128641,0.05137922973428233
2019-04-30,0.03300884330736098,0.0408522421450479,0.024287879740477747,0.028657532817300435,0.03233417675075034,0.035931738281133496
2019-05-31,-0.0503207523194541,-0.06377114865725564,-0.013121494795552358,-0.008586967002056523,-0.027010553798671566,-0.06516351069708892
2019-06-28,0.0719408496360534,0.06958647515398697,0.05826056209008601,0.046910465728824846,0.05041852441816652,0.0681405896013687
2019-07-31,0.016826979912208717,0.015119350235689,0.007260885051923571,0.024654308796865365,0.026629926943063875,0.03387857071410827
2019-08-30,-0.006573040495517768,-0.016743341858115435,0.0302255249254888,0.03521014727464,0.028357201609205074,0.008355869395149096
2019-09-30,0.018548324839049446,0.01945819499905288,0.017846340446495246,-0.005126858940448953,-0.002149885057391221,0.015107320340875363
2019-10-31,0.012172740019639194,0.022104561156907288,-0.00375648973337539,0.003439614971675109,0.015808824993168935,0.047704533686639294
2019-11-29,0.028462644419336325,0.03619830711485883,0.00016436422036836262,0.0032812005229099217,0.010193831137804699,0.02351824475253772
2019-12-31,0.02974326889763379,0.029055312025496383,0.03818953861258545,0.028579508823621813,0.036466053445274094,0.03879854333489785
2020-01-31,-0.004293755597074567,-0.00040387018800869257,-0.0014856388652106922,0.02922894815239263,0.02987983427044072,0.03278912244984644
2020-02-28,-0.08587040529826273,-0.07916581558510982,-0.08026504371539511,-0.05668092060620267,-0.04361093420561979,-0.04640776344763897
2020-03-31,-0.11309697621614678,-0.12487109111381467,-0.0692102131410044,-0.0563666219535206,-0.05741438936661458,-0.05750265746933969
2020-04-30,0.12435570815040276,0.1269834088213353,0.10193781376661293,0.11204582718504352,0.1263228345675964,0.12141233751449132
2020-05-29,0.046256835524761675,0.047645489119653384,0.017844514782211274,0.022916032252870977,0.037279212418316776,0.05797160339412488
2020-06-30,0.0010957319858808656,0.01773423989818035,-0.011097329967750702,-0.01596172789703898,0.014370882908293359,0.03892357294552928
2020-07-31,0.05266241324047116,0.05889241535932288,0.09929803631134604,0.08133243161555903,0.09458696398399447,0.0935010929479494
2020-08-31,0.054075612793894834,0.06979620158248734,0.05128742661679375,0.05208629874555082,0.07354737058546879,0.09305253606681374
2020-09-30,-0.01713232877018056,-0.03744353815962098,-0.011499641688536566,-0.0050153917535931125,-0.011457782857022702,-0.014237302429566556
2020-10-30,-0.03234572481990072,-0.024933475820688833,-0.030463071760244098,-0.033618933583866584,-0.03189399753533595,-0.04977732750754449
2020-11-30,0.11330682482350918,0.10877720714532302,0.058389277638842385,0.06475055614836922,0.07255489494455847,0.07555622264341966
2020-12-31,0.028891179540015743,0.03704814583804561,0.009487778212976528,0.012391778174862589,0.006643439416577079,0.017274250788920753
2021-01-29,-0.01601340473049362,-0.010190377474980306,-0.03081752255392467,-0.028925863363048587,-0.03558393086306777,-0.0414570624038596
2021-02-26,0.03579858391173185,0.02780548376433134,-0.035187175098869705,-0.02693092131896402,-0.023120324162749673,-0.00909661770658532
2021-03-31,0.06395585142910054,0.04539921334617536,0.06216002276068955,0.051616102899149974,0.04453314205116232,0.034171047555777934
2021-04-30,0.04876454737743141,0.05291054481335422,0.045901608642434644,0.054854272799120585,0.07045003149668272,0.06798918407301424
2021-05-28,0.02143622516674193,0.006566148261827109,0.010278876675825499,0.005244032022657441,0.007283009728222822,0.0041546761109563235
2021-06-30,0.011970234177394179,0.022427316550523768,0.013101513951718768,0.022469600874436724,0.030169271211522908,0.049197732079003575
2021-07-30,0.02256902483044354,0.024412408570464672,0.03588641328061426,0.016670343772971385,0.018885182210829354,0.026212986035268226
2021-08-31,0.023706464789215786,0.029759940856335154,0.022698095030420085,0.03651605838075778,0.032014632894461936,0.039556521546501466
2021-09-30,-0.039509230248554905,-0.04660559040339507,-0.03935437258517205,-0.05234985513304302,-0.06089823920595794,-0.06632013679037141
2021-10-29,0.08541336292814439,0.07016358687065471,0.05971482940352857,0.0976712904402115,0.1055062900532513,0.1371564088769739
2021-11-30,-0.013348817744831765,-0.008034691645644298,-0.002399392125362776,0.05231534200829491,0.050677290484644866,0.057989863540116815
2021-12-31,0.055977397998023815,0.046247672253258765,0.06911747033441462,0.047457191892204875,0.01886182196386854,0.010130601751963786
2022-01-31,-0.025145392938965228,-0.05274118941298811,-0.024922361191731857,-0.07412019117582447,-0.08481927647815724,-0.092573773678993
2022-02-28,-0.025067256484135103,-0.02951706845318325,-0.01599813088494484,-0.024337498685426784,-0.026571197206132324,-0.046444878200512574
2022-03-31,0.038291201621522664,0.03759027395205816,0.039735326662520665,0.044634440668504194,0.03479031904907082,0.028749046648870902
2022-04-29,-0.061949770184116404,-0.08776895341059476,-0.0326125011762638,-0.07888460992519963,-0.09187573012985784,-0.08159806983724283
2022-05-31,0.009306852265994925,0.0022573109472578956,0.009580909626955014,-0.014514410050193827,-0.028625651896742932,-0.028750395008025675
2022-06-30,-0.07674186240695224,-0.08246037820803209,-0.04888155349868872,-0.06460742259161689,-0.07302956822400353,-0.0758300243037211
2022-07-29,0.0694848297678794,0.0920873964487321,0.00436546725173792,0.0281728088291604,0.05269137009682101,0.11116504304379671
2022-08-31,-0.02749447758863044,-0.04080203075588695,-0.031336139040865185,-0.031253701028213454,-0.03364666884521461,-0.033821767718909435
2022-09-30,-0.10028636069041696,-0.0924458321756656,-0.06899607993392798,-0.07792804116243113,-0.08740510848520966,-0.09345619325502041
2022-10-31,0.11082609278195221,0.08127542520142628,0.11323466481743649,0.11624808579332901,0.10550316224985479,0.07516220220656167
2022-11-30,0.06315935996118394,0.05559173515985916,0.05751301589765112,0.045859944013989073,0.048391882591693136,0.06369891797992877
2022-12-30,-0.03510852189250424,-0.057628395879638084,-0.015124207255058142,-0.025717961933956035,-0.034085447275882697,-0.05447876588474654
2023-01-31,0.04951089582452495,0.06288727112398407,-0.009660522366658486,-0.015345052065149023,-0.002054708288056095,0.03288933890914292
2023-02-28,-0.042244348608010296,-0.025142513864118365,-0.02632865098520365,-0.028510584617971846,-0.02046510138924007,-0.008560337167968446
2023-03-31,0.022997827048800712,0.03707755811525559,0.026421722005800063,0.014002279547726149,0.0249062119447645,0.02803077296441936
2023-04-28,0.022605731826930597,0.015975195579127632,0.03499316926300966,0.033470698392825904,0.02966625613168916,0.02398556534959373
2023-05-31,-0.027668651251152587,0.004616015357086667,-0.05207280825082872,-0.022435786170661998,0.013013784752871516,0.021347405752447424
2023-06-30,0.0631584252091053,0.06479991053874623,0.05007571808924749,0.05492480722937354,0.06172054484338818,0.07437304214197482
2023-07-31,0.03348240476626807,0.03273316032296103,-0.002732317272750695,0.022393063737456975,0.03043736864763913,0.037493195808492086
2023-08-31,-0.022534763092819432,-0.01625192988545865,-0.013369952987039468,-0.01615117575114633,-0.009744848723142296,-0.007004877905293139
2023-09-29,-0.04804919085910597,-0.04743457476922941,-0.0470522444667264,-0.04826522682425538,-0.05323586789031032,-0.05953992725645607
2023-10-31,-0.01725821364472291,-0.02170838607895953,0.004320697138266549,9.731230933684998e-05,0.0016859430248012952,-0.007159870390024081
2023-11-30,0.07332662597322992,0.09134374413578938,0.029436281805011122,0.053362683070540706,0.07037631994089821,0.09005508528059902
2023-12-29,0.04596419165637555,0.04565526425027033,0.016718055735913673,0.04999880513681787,0.051491774059270634,0.04335923346397452
2024-01-31,0.0021926445393671834,0.015926418069386106,0.01825624382547386,0.02703988849169825,0.01772484195231061,0.025536955728083344
2024-02-29,0.03007745335803258,0.05218693358199289,0.020107668571852644,0.0595178526760356,0.06878553244501329,0.06560746606739465
2024-03-28,0.04114955900144057,0.032701906018044236,0.02816944289815293,0.025033388476989327,0.024327335395306404,0.016771189289474853
2024-04-30,-0.03586880130129477,-0.04031956233618916,-0.023272341113044215,-0.03803311228119177,-0.04674959850519178,-0.06160882695418235
2024-05-31,0.03996163409549669,0.050579581237917504,0.0408805263866574,0.05620602633420524,0.05533887018538919,0.06170254301144995
2024-06-28,0.009297435847714253,0.03528024833222676,0.01487307982366648,0.032061530628671564,0.04257583694708633,0.05251850597663266
2024-07-31,0.03789049864355443,0.012109145625789353,0.033386667627666844,0.042332280423404534,0.0431721727133878,0.03753757042860384
2024-08-30,0.032294002565744995,0.023365649166158242,0.047627124988122604,0.03589067975932614,0.02726520892331763,0.02369956254976535
2024-09-30,0.021246273081749978,0.02100459685639433,0.010858155553817639,0.002621294442759492,0.02100549221068171,0.025321772027455003
2024-10-31,-0.018201378835648985,-0.008923604006773722,-0.026661846960933766,-0.018073493255188477,-0.0236033651574461,-0.022940513599980172
2024-11-29,0.054635625874011495,0.059633253192299174,0.0377470773226507,0.050291380256978435,0.06292281945042766,0.06712374395123932
2024-12-31,-0.06359651086326545,-0.02406002056273837,-0.05291476052304345,-0.06445434347635615,-0.058160317062566524,-0.05819771214840608
2025-01-31,0.033091895681734984,0.026856243481429898,0.010880659858787611,0.015282280325904507,0.014776335051062572,0.019947256443373362
2025-02-28,0.01263328222425053,-0.012694721123777675,0.023955190513759383,-0.0055359268084155255,-0.020256800067240843,-0.02989805478932217
2025-03-31,-0.037379575717576,-0.05571921132269575,-0.02120382273967325,-0.03631142571923052,-0.050309819578471915,-0.05704776695859681
2025-04-30,-0.034833124625020306,-0.008670178174235654,-0.020728392250990657,-0.030012321921397134,-0.02339149070187163,-0.015278008353915462
2025-05-30,0.03778173214965874,0.06284502035562056,0.012739006874775471,0.027137252671466383,0.010860206905890957,0.03060180512383881
2025-06-30,0.037091370365923026,0.05138624036504047,0.009748256793745469,0.020851583117426742,0.027385099800685042,0.023945583153317296
2025-07-31,0.002631726945589108,0.023031464526309886,0.016216663295582467,0.007991718516498603,-0.010252925377161493,-0.006377585369730876
2025-08-29,0.04554992935404867,0.0205194448778121,0.042720635360843806,0.03313879089895044,0.03531188340889213,0.06399719590034203
2025-09-30,0.015021178351179998,0.03562036554306092,0.02043259980264822,0.02686316629564023,0.02484142409722767,0.028452095781888342
2025-10-31,0.0028385465582161373,0.023837597287101886,0.013127806456957547,0.004525500800570681,0.006511006863798352,0.01867533900707441
2025-11-28,0.01352918216810961,0.0019498720874142617,0.019659236038246375,-0.014415563005912846,-0.027058585235123278,-0.019339266234637664
2025-12-31,0.0035164485717484872,0.000797497263286262,-0.016436933057849656,-0.009400334441006408,-0.012313091603793125,-0.013878972774354126
2026-01-30,0.04847872480993032,0.014737883533700424,0.05573957441498001,0.06287872397144811,0.05255259063159823,0.05664981626413379
2026-02-27,0.03562298032093181,-0.008642082420245334,0.045050630444005924,0.023146478682032567,0.006237554497619646,-0.016221917762103244
2026-03-31,-0.04558234107279879,-0.049379608638833394,-0.043830506024059135,-0.04752251524219031,-0.05661897736177235,-0.06099901202614888
2026-04-30,0.04468169990710513,0.10505274506872397,0.02226382170915686,0.04297467071970851,0.06403463812488241,0.10318782158687467
2026-05-29,0.0033261677036580117,0.05262574755586291,-0.007257163915785347,0.0015331406243068724,0.007716121041946522,0.014900256263506773
2026-06-30,-0.0129026462363242,-0.010292580956815511,-0.02460638731138276,-0.04313227285106658,-0.02966365147626504,-0.0012477692394485818
2026-07-31,0.036920958773250856,0.00034822442006920973,0.056964959059283116,0.06031759303076312,0.04832552039785365,0.01885700407536639
2026-08-31,0.023687567823147848,0.026799359784972054,0.017323912409054287,0.01573567583375124,0.016873032806633548,0.006369856857351364
