strategy,cost_bps,ann_return,ann_vol,sharpe,sharpe_lo,sharpe_hi,max_drawdown,var_m,cvar_m,avg_turnover,weight_stability,var_d,cvar_d
S1 Equal weight,0,0.15919996393902025,0.14194148643284654,0.9612844803120543,0.34972659422194285,1.5728423664021656,0.19263685787851337,0.061896559543141993,0.08510960953578266,0.04582410644966178,0.0,0.014508753324552592,0.02395772422694447
S2 SPY buy-and-hold,0,0.15053862419469466,0.15086955492785736,0.8651685052611995,0.2557681622905418,1.474568848231857,0.23927172705372735,0.06910415480744847,0.0910003580601394,0.0,0.0,0.016674202875024635,0.027107325096798647
S3 Minimum variance,0,0.1239716891419369,0.11933213030931038,0.8569480255015142,0.2477220017798588,1.4661740492231696,0.15804122583994584,0.05194872518635685,0.06347059612612635,0.2539204199184229,0.23988800419403242,0.011176620501326173,0.01871331833043994
S4 Markowitz γ=10 (low),0,0.14332642658000672,0.14111009945046332,0.8677858674041558,0.2583296832551422,1.4772420515531692,0.26223423130833834,0.0642635659121702,0.07648174868955421,0.20959788558533982,0.19689709592229335,0.014151247135687384,0.023133892642719294
S4 Markowitz γ=5 (medium),0,0.1573681078432787,0.15332422462984302,0.8908207901714804,0.28086611007722456,1.5007754702657363,0.29862341805393455,0.060737541331915335,0.0870539028092899,0.189328867339119,0.169351643143457,0.01586175425350589,0.025724080519121055
S4 Markowitz γ=2 (high),0,0.1856633697742136,0.17094888578400216,0.9587511735097589,0.3472529644114403,1.5702493826080774,0.2848991976799573,0.06624258027085772,0.09346117700003533,0.16212271510801757,0.13086287810681146,0.01849661445339268,0.02876631737912609
S1 Equal weight,10,0.15845900408746805,0.14195637565271763,0.9566599880688967,0.3452109266532015,1.5681090494845917,0.19280744406551953,0.061949770184116404,0.08515318257418297,0.04582410644966178,0.0,0.014508753324552592,0.02395915666868731
S2 SPY buy-and-hold,10,0.15043071229217753,0.1509070157291516,0.8643689454840798,0.2549856284300488,1.4737522625381108,0.23927172705372735,0.06910415480744847,0.0910003580601394,0.0,0.0,0.016674202875024635,0.027107325096798647
S3 Minimum variance,10,0.12047311820842266,0.11927603344479734,0.83101827951103,0.22233152057755093,1.439705038444509,0.16063567857579064,0.05207280825082872,0.06377722133516163,0.2539204199184229,0.23988800419403242,0.011239342324257051,0.01872629833122252
S4 Markowitz γ=10 (low),10,0.140369346564722,0.14100326449353767,0.8498336226603543,0.24075715964358907,1.4589100856771196,0.26410171865720233,0.06445434347635615,0.07668939511766468,0.20959788558533982,0.19689709592229335,0.014206175668249998,0.023157454398725477
S4 Markowitz γ=5 (medium),10,0.1546534120655847,0.1531962477528898,0.8759998223558703,0.2663673325097169,1.4856323122020239,0.3001962717638176,0.06089823920595794,0.08726954183667648,0.189328867339119,0.169351643143457,0.01586175425350589,0.02574264194005707
S4 Markowitz γ=2 (high),10,0.18326568880977545,0.17087210094258365,0.9471399194189436,0.3359132946411777,1.5583665441967096,0.2858216374579863,0.06632013679037141,0.09360333542765426,0.16212271510801757,0.13086287810681146,0.018542284197831105,0.028775743772218136
S1 Equal weight,25,0.15734818956506325,0.14197978634476094,0.9497177775951333,0.3384311327599495,1.561004422430317,0.19341129481726482,0.062029586145578186,0.08521854213178348,0.04582410644966178,0.0,0.01451519368129739,0.023964604086339623
S2 SPY buy-and-hold,25,0.15026866074713663,0.1509642408393522,0.8631644099270424,0.25380671356506246,1.4725221062890224,0.23927172705372723,0.06910415480744847,0.0910003580601394,0.0,0.0,0.016674202875024635,0.027107325096798647
S3 Minimum variance,25,0.11524336584750472,0.11919667211892314,0.7920444757939265,0.18413794013940252,1.3999510114484506,0.16451419304328796,0.05225893284753669,0.06423715914871458,0.2539204199184229,0.23988800419403242,0.011239342324257051,0.0187557176614958
S4 Markowitz γ=10 (low),25,0.13594610486380554,0.14084817456061655,0.8228231355374445,0.2143034635147008,1.4313428075601882,0.2668951782620468,0.06474050982263513,0.07700086475983035,0.20959788558533982,0.19689709592229335,0.014252689388316364,0.023194387420013042
S4 Markowitz γ=5 (medium),25,0.1505916393728033,0.15300838423876606,0.8536974941002105,0.24453995397747785,1.462855034222943,0.3025497593877834,0.06113928601702168,0.08759300037775632,0.189328867339119,0.169351643143457,0.01586175425350589,0.025770484071461104
S4 Markowitz γ=2 (high),25,0.17967714308918303,0.1707587134174816,0.9296930136564135,0.3188684673831647,1.5405175599296625,0.2872033758849548,0.06643647156964183,0.09381657306908264,0.16212271510801757,0.13086287810681146,0.018575981104703376,0.028794433746077583
